time,adp,sdadp,asa,sdasa,asp,sdasp,aspp,sdaspp,atp,sdatp,hs,sdhs,hsp,sdhsp,nadp,sdnadp,nadph,sdnadph,phos,sdphos,thr,sdthr,V
0,0.0,0.001,0.0,0.001,2.0,0.201,0.0,0.001,5.0,0.501,7.890000000000001e-31,0.001,0.0,0.001,0.0,0.001,2.0,0.201,0.0,0.001,2.0,0.201,1.0
1,0.03650017,0.004650017,0.018115037,0.002811504,1.972012235,0.198201224,0.004541994,0.001454199,4.96349983,0.497349983,0.005100329,0.001510033,0.000222911,0.001022291,0.030943643,0.004094364,1.969056357,0.197905636,0.031735265,0.004173526,2.000007494,0.201000749,1.0
2,0.072880041,0.008288004,0.030259348,0.004025935,1.945445292,0.195544529,0.004814306,0.001481431,4.927119959,0.493711996,0.017719722,0.002771972,0.001641673,0.001164167,0.073513685,0.008351368,1.926486315,0.193648632,0.066424062,0.007642406,2.00011966,0.201011966,1.0
3,0.109892203,0.01198922,0.037043218,0.004704322,1.92014514,0.193014514,0.004851313,0.001485131,4.890107797,0.49001078,0.032768987,0.004276899,0.004653843,0.001465384,0.119332686,0.012933269,1.880667314,0.189066731,0.100387047,0.011038705,2.0005375,0.20105375,1.0
4,0.147671505,0.01576715,0.040718126,0.005071813,1.896051262,0.190605126,0.004771286,0.001477129,4.852328495,0.48623285,0.047864558,0.005786456,0.009128965,0.001912897,0.166031561,0.017603156,1.833968439,0.184396844,0.133771253,0.014377125,2.001465802,0.20114658,1.0
5,0.186146796,0.01961468,0.042517907,0.005251791,1.873095067,0.188309507,0.004632393,0.001463239,4.813853204,0.48238532,0.061922771,0.007192277,0.014767285,0.002476729,0.212397097,0.02223971,1.787602903,0.17976029,0.166747118,0.017674712,2.003064577,0.201306458,1.0
6,0.225171089,0.023517109,0.043164394,0.005316439,1.851207122,0.186120712,0.004466619,0.001446662,4.774828911,0.478482891,0.074475654,0.008447565,0.021247523,0.003124752,0.257783102,0.02677831,1.742216898,0.17522169,0.199456947,0.020945695,2.005438688,0.201543869,1.0
7,0.264578215,0.027457822,0.043097538,0.005309754,1.830320684,0.184032068,0.004291735,0.001429174,4.735421785,0.474542178,0.085365144,0.009536514,0.02828139,0.003828139,0.301848849,0.031184885,1.698151151,0.170815115,0.23200509,0.024200509,2.008643509,0.201864351,1.0
8,0.304207052,0.031420705,0.042592119,0.005259212,1.810373213,0.182037321,0.004117522,0.001411752,4.695792948,0.470579295,0.094592881,0.010459288,0.03562863,0.004562863,0.344426618,0.035442662,1.655573382,0.166557338,0.2644609,0.02744609,2.012695635,0.202269564,1.0
9,0.343911093,0.035391109,0.041822193,0.005182219,1.791306855,0.180130685,0.0039492,0.00139492,4.656088907,0.466608891,0.102241803,0.01122418,0.043096275,0.005309627,0.385449287,0.039544929,1.614550713,0.162455071,0.296865619,0.030686562,2.017583674,0.202758367,1.0
10,0.383561352,0.039356135,0.04089881,0.005089881,1.77306841,0.178306841,0.003789369,0.001378937,4.616438648,0.462643865,0.108433649,0.011843365,0.050532488,0.006053249,0.424908712,0.043490871,1.575091288,0.158509129,0.329239495,0.03392395,2.023277274,0.203327727,1.0
11,0.423046303,0.04330463,0.039892956,0.004989296,1.755609061,0.176560906,0.003639126,0.001363913,4.576953697,0.45869537,0.113305493,0.012330549,0.057819325,0.006781932,0.462831038,0.047283104,1.537168962,0.154716896,0.361587852,0.037158785,2.029734039,0.203973404,1.0
12,0.462270592,0.047227059,0.038849888,0.004884989,1.73888401,0.174888401,0.003498718,0.001349872,4.537729408,0.454772941,0.116996782,0.012699678,0.064866073,0.007486607,0.499261765,0.050926177,1.500738235,0.151073823,0.393905801,0.04039058,2.036904529,0.204690453,1.0
13,0.501153329,0.051115333,0.03779823,0.004779823,1.722852094,0.173285209,0.003367923,0.001336792,4.498846671,0.450884667,0.11964233,0.012964233,0.071603678,0.008160368,0.534256637,0.054425664,1.465743363,0.147574336,0.426181728,0.043618173,2.044735746,0.205473575,1.0
14,0.539626341,0.054962634,0.036755824,0.004675582,1.707475421,0.171747542,0.003246273,0.001324627,4.460373659,0.447037366,0.12136872,0.013136872,0.077980268,0.008798027,0.567876064,0.057787606,1.432123936,0.144212394,0.4583998,0.04683998,2.053173493,0.206317349,1.0
15,0.577632536,0.058763254,0.035733516,0.004573352,1.692719035,0.170271904,0.003133184,0.001313318,4.422367464,0.443236746,0.122292694,0.013229269,0.083957646,0.009395765,0.600181746,0.061018175,1.399818254,0.140981825,0.490541706,0.050054171,2.062163925,0.207216392,1.0
16,0.615124457,0.062512446,0.034737616,0.004473762,1.67855062,0.168855062,0.003028033,0.001302803,4.384875543,0.439487554,0.122520655,0.013252065,0.089508559,0.009950856,0.631234653,0.064123465,1.368765347,0.137876535,0.522587865,0.053258786,2.071654518,0.208165452,1.0
17,0.652063019,0.066206302,0.033771507,0.004377151,1.664940229,0.167494023,0.002930199,0.00129302,4.347936981,0.435793698,0.122148816,0.013214882,0.094614585,0.010461458,0.66109387,0.067109387,1.33890613,0.134890613,0.554518236,0.056451824,2.081594664,0.209159466,1.0
18,0.688416428,0.069841643,0.032836701,0.00428367,1.651860055,0.166186005,0.002839084,0.001283908,4.311583572,0.432158357,0.121263677,0.013126368,0.099264489,0.010926449,0.689815967,0.069981597,1.310184033,0.132018403,0.586312855,0.059631285,2.091935994,0.210193599,1.0
19,0.724159247,0.073415925,0.03193352,0.004193352,1.639284217,0.164928422,0.00275413,0.001275413,4.275840753,0.428584075,0.119942668,0.012994267,0.103452936,0.011345294,0.717454709,0.072745471,1.282545291,0.129254529,0.61795218,0.062795218,2.102632528,0.211263253,1.0
20,0.75927161,0.076927161,0.031061557,0.004106156,1.627188581,0.163718858,0.002674818,0.001267482,4.24072839,0.425072839,0.118254853,0.012825485,0.10717948,0.011717948,0.744060966,0.075406097,1.255939034,0.126593903,0.649417311,0.065941731,2.113640711,0.212364071,1.0
21,0.793738538,0.080373854,0.030219963,0.004021996,1.615550592,0.162555059,0.002600672,0.001260067,4.206261462,0.421626146,0.116261642,0.012626164,0.110447747,0.012044775,0.769682747,0.077968275,1.230317253,0.124031725,0.680690119,0.069069012,2.124919383,0.213491938,1.0
22,0.827549353,0.083754935,0.029407644,0.003940764,1.604349132,0.161434913,0.002531256,0.001253126,4.172450647,0.418245065,0.114017483,0.012401748,0.113264786,0.012326479,0.794365304,0.08043653,1.205634696,0.12156347,0.711753312,0.072175331,2.136429699,0.21464297,1.0
23,0.860697168,0.087069717,0.028623384,0.003862338,1.593564387,0.160356439,0.002466173,0.001246617,4.139302832,0.414930283,0.111570501,0.01215705,0.11564052,0.012564052,0.818151273,0.082815127,1.181848727,0.119184873,0.742590474,0.075259047,2.148135034,0.215813503,1.0
24,0.89317844,0.090317844,0.027865926,0.003786593,1.583177733,0.159317773,0.002405063,0.001240506,4.10682156,0.411682156,0.108963106,0.011896311,0.117587305,0.012758731,0.841080839,0.085108084,1.158919161,0.116891916,0.773186072,0.078318607,2.160000868,0.217000087,1.0
25,0.924992578,0.093499258,0.027134018,0.003713402,1.573171633,0.158317163,0.002347597,0.00123476,4.075007422,0.408500742,0.10623254,0.011623254,0.119119536,0.012911954,0.863191894,0.087319189,1.136808106,0.114680811,0.803525445,0.081352545,2.171994676,0.218199468,1.0
26,0.956141592,0.096614159,0.02642645,0.003642645,1.563529545,0.157352955,0.002293477,0.001229348,4.043858408,0.405385841,0.10341139,0.011341139,0.120253318,0.013025332,0.884520207,0.089452021,1.115479793,0.112547979,0.833594798,0.08435948,2.18408582,0.219408582,1.0
27,0.986629778,0.099662978,0.025742068,0.003574207,1.554235836,0.156423584,0.002242431,0.001224243,4.013370222,0.402337022,0.10052805,0.011052805,0.121006172,0.013100617,0.905099573,0.091509957,1.094900427,0.110490043,0.863381175,0.087338118,2.196245443,0.220624544,1.0
28,1.016463438,0.102646344,0.025079782,0.003507978,1.545275713,0.155527571,0.002194213,0.001219421,3.983536562,0.399353656,0.097607141,0.010760714,0.121396776,0.013139678,0.924961962,0.093496196,1.075038038,0.108503804,0.892872448,0.090287245,2.208446375,0.221844637,1.0
29,1.045650621,0.105565062,0.024438574,0.003443857,1.536635151,0.154663515,0.002148599,0.00121486,3.954349379,0.396434938,0.094669904,0.01046699,0.121444728,0.013144473,0.944137656,0.095413766,1.055862344,0.106586234,0.922057295,0.093205729,2.220663045,0.223066304,1.0
30,1.074200893,0.108420089,0.023817494,0.003381749,1.52830084,0.153830084,0.002105382,0.001210538,3.925799107,0.393579911,0.091734551,0.010173455,0.121170329,0.013117033,0.962655367,0.097265537,1.037344633,0.104734463,0.950925182,0.096092518,2.232871404,0.22428714,1.0
31,1.10212512,0.111212512,0.023215661,0.003321566,1.520260127,0.153026013,0.002064377,0.001206438,3.89787488,0.390787488,0.088816587,0.009881659,0.120594391,0.013059439,0.980542359,0.099054236,1.019457641,0.102945764,0.979466352,0.098946635,2.245048857,0.225504886,1.0
32,1.12943528,0.113943528,0.02263226,0.003263226,1.512500972,0.152250097,0.002025414,0.001202541,3.87056472,0.388056472,0.085929103,0.00959291,0.119738053,0.012973805,0.997824543,0.100782454,1.002175457,0.101217546,1.007671813,0.101767181,2.257174199,0.22671742,1.0
33,1.156144279,0.116614428,0.022066533,0.003206653,1.505011901,0.15150119,0.001988337,0.001198834,3.843855721,0.385385572,0.083083051,0.009308305,0.118622614,0.012862261,1.014526579,0.102452658,0.985473421,0.099547342,1.035533328,0.104553333,2.269227565,0.227922757,1.0
34,1.182265792,0.119226579,0.02151778,0.003151778,1.497781972,0.150778197,0.001953004,0.0011953,3.817734208,0.382773421,0.08028748,0.009028748,0.117269381,0.012726938,1.030671954,0.104067195,0.969328046,0.097932805,1.063043408,0.107304341,2.281190384,0.229119038,1.0
35,1.207814116,0.121781412,0.020985352,0.003098535,1.49080074,0.150080074,0.001919285,0.001191929,3.792185884,0.380218588,0.077549767,0.008754977,0.115699523,0.012569952,1.046283064,0.105628306,0.953716936,0.096371694,1.090195308,0.110019531,2.293045334,0.230304533,1.0
36,1.232804033,0.124280403,0.020468647,0.003046865,1.484058223,0.149405822,0.001887063,0.001188706,3.767195967,0.377719597,0.074875811,0.008487581,0.113933944,0.012393394,1.061381282,0.107138128,0.938618718,0.094861872,1.116983027,0.112698303,2.304776312,0.231477631,1.0
37,1.25725069,0.126725069,0.019967104,0.00299671,1.477544879,0.148754488,0.001856228,0.001185623,3.74274931,0.375274931,0.072270221,0.008227022,0.111993164,0.012199316,1.07598702,0.108598702,0.92401298,0.093401298,1.143401298,0.11534013,2.316368404,0.23263684,1.0
38,1.281169486,0.129116949,0.019480201,0.00294802,1.471251575,0.148125158,0.00182668,0.001182668,3.718830514,0.372883051,0.069736482,0.007973648,0.10989721,0.011989721,1.090119787,0.110011979,0.909880213,0.091988021,1.169445596,0.11794456,2.327807851,0.233780785,1.0
39,1.304575977,0.131457598,0.019007449,0.002900745,1.465169572,0.147516957,0.001798331,0.001179833,3.695424023,0.370542402,0.067277099,0.00772771,0.107665516,0.011766552,1.103798241,0.111379824,0.896201759,0.090620176,1.19511213,0.120511213,2.339082033,0.234908203,1.0
40,1.327485786,0.133748579,0.018548389,0.002854839,1.459290498,0.14692905,0.001771095,0.001177109,3.672514214,0.368251421,0.064893734,0.007489373,0.105316845,0.011531685,1.117040237,0.112704024,0.882959763,0.089295976,1.220397847,0.123039785,2.35017944,0.236017944,1.0
41,1.349914523,0.135991452,0.018102588,0.002810259,1.453606333,0.146360633,0.001744896,0.00117449,3.650085477,0.366008548,0.062587326,0.007258733,0.102869205,0.011286921,1.129862866,0.113986287,0.870137134,0.088013713,1.245300422,0.125530042,2.361089651,0.237108965,1.0
42,1.371877716,0.138187772,0.017669639,0.002766964,1.44810939,0.145810939,0.001719665,0.001171967,3.628122284,0.363812228,0.060358199,0.00703582,0.10033979,0.011033979,1.142282499,0.11522825,0.857717501,0.08677175,1.269818261,0.127981826,2.371803316,0.238180332,1.0
43,1.393390754,0.140339075,0.017249153,0.002724915,1.442792301,0.14527923,0.001695338,0.001169534,3.606609246,0.361660925,0.058206152,0.006820615,0.097744923,0.010774492,1.154314819,0.116431482,0.845685181,0.085568518,1.293950493,0.130395049,2.382312133,0.239231213,1.0
44,1.414468829,0.142446883,0.016840761,0.002684076,1.437648003,0.1447648,0.001671855,0.001167186,3.585531171,0.359553117,0.056130548,0.006613055,0.095100012,0.010510001,1.165974853,0.117597485,0.834025147,0.084402515,1.317696961,0.132769696,2.39260882,0.240260882,1.0
45,1.435126895,0.14451269,0.016444107,0.002644411,1.432669724,0.144266972,0.001649163,0.001164916,3.564873105,0.35748731,0.054130387,0.006413039,0.092419519,0.010241952,1.177277009,0.118727701,0.822722991,0.083272299,1.341058213,0.135105821,2.4026871,0.24126871,1.0
46,1.455379629,0.146537963,0.016058853,0.002605885,1.427850969,0.143785097,0.001627213,0.001162721,3.544620371,0.355462037,0.052204368,0.006220437,0.08971693,0.009971693,1.188235093,0.119823509,0.811764907,0.082176491,1.364035486,0.137403549,2.412541668,0.242254167,1.0
47,1.475241397,0.14852414,0.01568467,0.002568467,1.423185512,0.143318551,0.001605958,0.001160596,3.524758603,0.35347586,0.050350951,0.006035095,0.087004746,0.009700475,1.198862346,0.120886235,0.801137654,0.081113765,1.386630693,0.139663069,2.422168163,0.243216816,1.0
48,1.494726229,0.150472623,0.015321242,0.002532124,1.418667385,0.142866738,0.001585356,0.001158536,3.505273771,0.351527377,0.048568403,0.00585684,0.084294472,0.009429447,1.209171461,0.121917146,0.790828539,0.080082854,1.4088464,0.14188464,2.431563141,0.244156314,1.0
49,1.513847797,0.15238478,0.014968261,0.002496826,1.414290864,0.142429086,0.001565371,0.001156537,3.486152203,0.34961522,0.046854843,0.005685484,0.081596621,0.009159662,1.219174608,0.122917461,0.780825392,0.079082539,1.430685805,0.144068581,2.44072404,0.245072404,1.0
,,,,,,,,,,,,,,,,,,,,,,,
0,0.0,0.001,0.0,0.001,2.0,0.201,0.0,0.001,10.0,0.501,0.0,0.001,0.0,0.001,0.0,0.001,2.0,0.201,0.0,0.001,2.0,0.201,1.0
1,0.0376266986845719,0.004650017,0.0188468668945274,0.002811504,1.970813525749143,0.198201224,0.0048220417594973,0.001454199,9.962373301315418,0.497349983,0.0053593411631151,0.001510033,0.0001530922624674,0.001022291,0.0320486533436548,0.004094364,1.9679513466563456,0.197905636,0.0326515646626071,0.004173526,2.000005132171245,0.201000749,1.0
2,0.0751586312275448,0.008288004,0.0318643919641362,0.004025935,1.9426365853984149,0.195544529,0.0052451534509707,0.001481431,9.92484136877244,0.493711996,0.0190226525605177,0.002771972,0.0011480789167523,0.001164167,0.0766616265167105,0.008351368,1.9233383734832896,0.193648632,0.0687653988598217,0.007642406,2.0000831377092045,0.201011966,1.0
3,0.1132167518120914,0.01198922,0.0395759128179187,0.004704322,1.915326367242005,0.193014514,0.0054267302925213,0.001485131,9.886783248187893,0.49001078,0.035973870593458,0.004276899,0.0033175883005984,0.001465384,0.1252790767916236,0.012933269,1.8747209232083768,0.189066731,0.1044724332189715,0.011038705,2.000379530753495,0.20105375,1.0
4,0.1519550136334064,0.01576715,0.0442213729178408,0.005071813,1.8888581379181464,0.190605126,0.005480040884057,0.001477129,9.848044986366576,0.48623285,0.0537552967284014,0.005786456,0.0066326618616376,0.001912897,0.1754810934036979,0.017603156,1.8245189065963023,0.184396844,0.1398423108877117,0.014377125,2.0010524896899127,0.20114658,1.0
5,0.1913684342171068,0.01961468,0.0470076418835245,0.005251791,1.8632073861919007,0.188309507,0.0054603336381502,0.001463239,9.808631565782871,0.48238532,0.0711588178774152,0.007192277,0.0109282892455234,0.002476729,0.2259983653403249,0.02223971,1.7740016346596754,0.17976029,0.1749798113334332,0.017674712,2.002237531163482,0.201306458,1.0
6,0.231381163820119,0.023517109,0.0486295911442888,0.005316439,1.8383503755839397,0.186120712,0.0053989336824491,0.001446662,9.768618836179858,0.478482891,0.0875815601852629,0.008447565,0.01600340201549,0.003124752,0.276120923214577,0.02677831,1.7238790767854228,0.17522169,0.2099788281221798,0.020945695,2.0040361373885665,0.201543869,1.0
7,0.2718886674834142,0.027457822,0.0495056153758684,0.005309754,1.8142644033452875,0.184032068,0.0053142503742701,0.001429174,9.728111332516564,0.474542178,0.1027366600758718,0.009536514,0.0216634035171993,0.003828139,0.3254396329448335,0.031184885,1.674560367055166,0.170815115,0.2449110135919446,0.024200509,2.006515667311499,0.201864351,1.0
8,0.3127784387116114,0.031420705,0.0498953854378641,0.005259212,1.7909278083859106,0.182037321,0.0052173521245705,0.001411752,9.687221561288368,0.470579295,0.116509206954132,0.010459288,0.0277362513089899,0.004562863,0.3737170271461077,0.035442662,1.6262829728538917,0.166557338,0.2798248352780509,0.02744609,2.00971399578853,0.202269564,1.0
9,0.353940063078529,0.035391109,0.0499636061383753,0.005182219,1.768319910029588,0.180130685,0.0051149901718004,0.00139492,9.646059936921452,0.466608891,0.1288795205521183,0.01122418,0.0340764567094752,0.005309627,0.4208174768187535,0.039544929,1.5791825231812462,0.162455071,0.3147486161972532,0.030686562,2.01364551639864,0.202758367,1.0
10,0.3952698573558568,0.039356135,0.0498164795750955,0.005089881,1.7464209381436642,0.178306841,0.0050113121898544,0.001378937,9.604730142644124,0.462643865,0.139880474591864,0.011843365,0.0405638774929638,0.006053249,0.466667353116554,0.043490871,1.5333326468834454,0.158509129,0.3496946676730386,0.03392395,2.0183069180065565,0.203327727,1.0
11,0.4366727174541915,0.04330463,0.0495233776700223,0.004989296,1.7252119725165398,0.176560906,0.0049088646481277,0.001363913,9.563327282545792,0.45869537,0.1495730951945777,0.012330549,0.0471005826538614,0.006781932,0.5112314176676382,0.047283104,1.488768582332361,0.154716896,0.3846632701522023,0.037158785,2.023682107316869,0.203973404,1.0
12,0.4780625406671411,0.047227059,0.0491300889868406,0.004884989,1.7046748938639331,0.174888401,0.0048091934035191,0.001349872,9.52193745933284,0.454772941,0.1580323892146314,0.012699678,0.0536073002404398,0.007486607,0.5544984391590383,0.050926177,1.4455015608409614,0.151073823,0.4196460470231821,0.04039058,2.0297461342906336,0.204690453,1.0
13,0.5193619433727691,0.051115333,0.0486670882384051,0.004779823,1.68479234352727,0.173285209,0.0047132105668165,0.001336792,9.480638056627212,0.450884667,0.165339070767469,0.012964233,0.0600200926444154,0.008160368,0.5964722497683352,0.054425664,1.403527750231664,0.147574336,0.454628640161537,0.043618173,2.036468194255621,0.205473575,1.0
14,0.5605016582112966,0.054962634,0.0481547855970023,0.004675582,1.6655476877417388,0.171747542,0.004621422282047,0.001324627,9.439498341788685,0.447037366,0.1715747584261775,0.013136872,0.0662874882886593,0.008798027,0.637166098638867,0.057787606,1.3628339013611326,0.144212394,0.4895927476405901,0.04683998,2.0438138576643725,0.206317349,1.0
15,0.6014198144834048,0.058763254,0.0476069057797994,0.004573352,1.6469249828208634,0.170271904,0.0045340722058116,0.001313318,9.398580185516575,0.443236746,0.176819241889258,0.013229269,0.0723681084941914,0.009395765,0.6765990473055026,0.061018175,1.323400952694497,0.140981825,0.5245176337834017,0.050054171,2.051746688810074,0.207216392,1.0
16,0.6420612076688311,0.062512446,0.0470326904807417,0.004473762,1.6289089386147193,0.168855062,0.0044512330902536,0.001302803,9.357938792331153,0.439487554,0.181148991530736,0.013252065,0.0782287488927066,0.009950856,0.7147936521964556,0.064123465,1.2852063478035438,0.137876535,0.5593812256858708,0.053258786,2.060229397390839,0.208165452,1.0
17,0.6823766104478147,0.066206302,0.0464383508637964,0.004377151,1.611484878648985,0.167494023,0.004372865972705,0.00129302,9.317623389552171,0.435793698,0.1846364154177145,0.013214882,0.0838428481598502,0.010461458,0.7517744705447521,0.067109387,1.2482255294552471,0.134890613,0.5941608963152595,0.056451824,2.069224640936945,0.209159466,1.0
18,0.7223221483564353,0.069841643,0.0458280367594293,0.00428367,1.5946386962407768,0.166186005,0.0042988588873468,0.001283908,9.277677851643553,0.432158357,0.1873495635152351,0.013126368,0.0891892741204298,0.010926449,0.7875670999169209,0.069981597,1.2124329000830787,0.132018403,0.6288340153486585,0.059631285,2.078695570476778,0.210193599,1.0
19,0.7618587474056072,0.073415925,0.0452044912720946,0.004193352,1.5783568065615234,0.164928422,0.0042290524773992,0.001275413,9.23814125259438,0.428584075,0.1893520957218522,0.012994267,0.0942513642411528,0.011345294,0.8221975674792374,0.072745471,1.1778024325207628,0.129254529,0.6633783306870549,0.062795218,2.0886061897259736,0.211263253,1.0
20,0.8009516526981906,0.076927161,0.0445694986512543,0.004106156,1.5626260950908777,0.163718858,0.0041632571350175,0.001267482,9.199048347301796,0.425072839,0.1907034013337828,0.012825485,0.0990161674747451,0.011717948,0.8556919506943467,0.075406097,1.1443080493056534,0.126593903,0.6977722280884279,0.065941731,2.0989215803143177,0.212364071,1.0
21,0.8395700129729463,0.080373854,0.0439241949845363,0.004021996,1.5474338632169469,0.162555059,0.0041012646062468,0.001260067,9.16042998702704,0.421626146,0.1914588010023788,0.012626164,0.103473844371243,0.012044775,0.8880761522969645,0.077968275,1.1119238477030358,0.124031725,0.7319949039954563,0.069069012,2.1096080318186448,0.213491938,1.0
22,0.8776865242183147,0.083754935,0.0432692869189731,0.003940764,1.532767771928203,0.161434913,0.0040428559478584,0.001253126,9.12231347578167,0.418245065,0.1916697890584501,0.012401748,0.1076171911603903,0.012326479,0.9193757785397504,0.08043653,1.0806242214602495,0.12156347,0.7660264771100657,0.072175331,2.1206331049861227,0.21464297,1.0
23,0.9152771249735734,0.087069717,0.0426052079866091,0.003862338,1.518615784646572,0.160356439,0.0039878070619544,0.001246617,9.084722875026412,0.414930283,0.1913842906847216,0.01215705,0.1114412608143127,0.012564052,0.9496160864895374,0.082815127,1.050383913510463,0.119184873,0.799848057097306,0.075259047,2.1319656488058283,0.215813503,1.0
24,0.952320736069751,0.090317844,0.0419322319970296,0.003786593,1.5049661102958114,0.159317773,0.0039358926132172,0.001240506,9.047679263930238,0.411682156,0.1906469187283811,0.011896311,0.1149430599728008,0.012758731,0.9788219770515668,0.085108084,1.021178022948433,0.116891916,0.8334417834837329,0.078318607,2.143575786392757,0.217000087,1.0
25,0.9887990380207474,0.093499258,0.0412505563663872,0.003713402,1.4918071477024006,0.158317163,0.0038868888620118,0.00123476,9.011200961979243,0.408500742,0.1894992213460542,0.011623254,0.1181213052440049,0.012911954,1.00701801755077,0.087319189,0.9929819824492302,0.114680811,0.8667908439147305,0.081352545,2.1554348804791377,0.218199468,1.0
26,1.0246962798708632,0.096614159,0.0405603639267427,0.003642645,1.4791274323988055,0.157352955,0.0038405757687802,0.001229348,8.975303720129126,0.405385841,0.1879799156360036,0.011341139,0.1209762260021651,0.013025332,1.0342284824499968,0.089452021,0.9657715175500032,0.112547979,0.8998794780999182,0.08435948,2.1675154862674986,0.219408582,1.0
27,1.0599991139398988,0.099662978,0.0398618689066981,0.003574207,1.4669155868472334,0.156423584,0.0037967386071333,0.001224243,8.94000088606009,0.402337022,0.1861251048518039,0.011052805,0.1235094035982475,0.013100617,1.0604774039881293,0.091509957,0.9395225960118708,0.110490043,0.9326929717345184,0.087338118,2.179791297188881,0.220624544,1.0
28,1.0946964515322517,0.102646344,0.0391553508872866,0.003507978,1.455160275028548,0.155527571,0.0037551692434547,0.001219421,8.905303548467735,0.399353656,0.1839684782799125,0.010760714,0.1257236390560983,0.013139678,1.0857886267217491,0.093496196,0.9142113732782507,0.108503804,0.9652176432326988,0.090287245,2.1922370875046973,0.221844637,1.0
29,1.1287793352709288,0.105565062,0.038441179289694,0.003443857,1.4438501622469098,0.154663515,0.00371566718637,0.00121486,8.871220664729059,0.396434938,0.1815414937591893,0.01046699,0.1276228429902931,0.013144473,1.1101858615042657,0.095413766,0.889814138495734,0.106586234,0.997440825094266,0.093205729,2.204828654527541,0.223066304,1.0
30,1.1622408242746565,0.108420089,0.0377198301321287,0.003381749,1.4329738808861991,0.153830084,0.0036780404716779,0.001210538,8.837759175725335,0.393579911,0.1788735433491402,0.010173455,0.1292119427668318,0.013117033,1.1336927355643869,0.097265537,0.8663072644356127,0.104734463,1.0293508410361467,0.096092518,2.21754276239402,0.22428714,1.0
31,1.1950758889172282,0.111212512,0.0369918962634815,0.003321566,1.4225200027199834,0.153026013,0.0036421064219602,0.001206438,8.804924111082764,0.390787488,0.1759921029573642,0.009881659,0.1304968029236613,0.013059439,1.1563328362000194,0.099054236,0.8436671637999803,0.102945764,1.0609369795716068,0.098946635,2.230357088713546,0.225504886,1.0
32,1.227281312396436,0.113943528,0.0362580919493882,0.003263226,1.4124770182240949,0.152250097,0.0036076923016536,0.001202541,8.772718687603557,0.388056472,0.1729228669043317,0.00959291,0.131484155643923,0.012973805,1.1781297462802909,0.100782454,0.8218702537197087,0.101217546,1.0921894644508598,0.101767181,2.2432501749766054,0.22671742,1.0
33,1.258855596799254,0.116614428,0.0355192524897685,0.003206653,1.4028333231723893,0.15150119,0.0035746358756948,0.001198834,8.74114440320074,0.385385572,0.1696898684905033,0.009308305,0.1321815386840561,0.012862261,1.1991070703089215,0.102452658,0.8008929296910778,0.099547342,1.1230994222395028,0.104553333,2.256201381287584,0.227922757,1.0
34,1.2897988717831552,0.119226579,0.0347763294428229,0.003151778,1.3935772126158876,0.150778197,0.0035427858714768,0.0011953,8.71020112821684,0.382773421,0.1663155876707681,0.009028748,0.1325972386422693,0.012726938,1.2192884502848276,0.104067195,0.7807115497151714,0.097932805,1.1536588472694087,0.107304341,2.2691908457567704,0.229119038,1.0
35,1.3201128044017003,0.121781412,0.034030381988079,0.003098535,1.3846968821585115,0.150080074,0.0035120023388224,0.001191929,8.679887195598292,0.380218588,0.1628210469543729,0.008754977,0.1327402378416369,0.012569952,1.2386975710228985,0.105628306,0.761302428977101,0.096371694,1.1838605642212403,0.110019531,2.2821994487185733,0.230304533,1.0
36,1.3498005089851317,0.124280403,0.033282564957737,0.003046865,1.3761804362552434,0.149405822,0.0034821569002788,0.001188706,8.65019949101487,0.377719597,0.1592258966463649,0.008487581,0.1326201634199877,0.012393394,1.257358154980913,0.107138128,0.742641845019086,0.094861872,1.2136981886648643,0.112698303,2.295208781820385,0.231477631,1.0
37,1.3788664563415471,0.126725069,0.0325341140840229,0.00299671,1.3680159030778567,0.148754488,0.0034531328837444,0.001185623,8.621133543658459,0.375274931,0.1555484905349707,0.008227022,0.1322472374839338,0.012199316,1.2752939469818538,0.108598702,0.7247060530181453,0.093401298,1.2431660859738682,0.11534013,2.3082011219354666,0.23263684,1.0
38,1.4073163818679997,0.129116949,0.0317863290371864,0.00294802,1.360191255326589,0.148125158,0.0034248253308055,0.001182668,8.592683618132014,0.372883051,0.1518059531108291,0.007973648,0.1316322274104551,0.011989721,1.2925286895241477,0.110011979,0.7074713104758521,0.091988021,1.2722593291267386,0.11794456,2.321159409784131,0.233780785,1.0
39,1.435157192449647,0.131457598,0.0310405548538628,0.002900745,1.3526944362203084,0.147516957,0.0033971408767781,0.001179833,8.564842807550358,0.370542402,0.1480142393790935,0.00772771,0.1307863955765826,0.011766552,1.309086089632775,0.111379824,0.6909139103672246,0.090620176,1.300973655996286,0.120511213,2.3340672330933696,0.234908203,1.0
40,1.462396872275122,0.133748579,0.030298162370971,0.002854839,1.345513389779177,0.14692905,0.0033699975019403,0.001177109,8.537603127724882,0.368251421,0.1441881882936108,0.007489373,0.1297214479733492,0.011531685,1.3249897784177354,0.112704024,0.675010221582264,0.089295976,1.3293054267998323,0.123039785,2.346908814080947,0.236017944,1.0
41,1.4890443879041455,0.135991452,0.0295605282807254,0.002810259,1.3386360944274789,0.146360633,0.0033433241574272,0.00117449,8.510955612095861,0.366008548,0.1403415708027418,0.007258733,0.1284494813195463,0.011286921,1.3402632646692223,0.113986287,0.6597367353307767,0.088013713,1.357251582427172,0.125530042,2.359669001012076,0.237108965,1.0
42,1.5151095930868943,0.138187772,0.028829015404424,0.002766964,1.3320505988936502,0.145810939,0.0033170602733901,0.001171967,8.484890406913108,0.363812228,0.1364871334479881,0.00703582,0.12698292843751,0.011033979,1.3549298839283197,0.11522825,0.6450701160716794,0.08677175,1.384809604375994,0.127981826,2.372333263543033,0.238180332,1.0
43,1.540603133952789,0.140339075,0.0281049537452567,0.002724915,1.325745059371066,0.14527923,0.0032911551609664,0.001169534,8.459396866047214,0.361660925,0.1326366383988522,0.006820615,0.1253345017893205,0.010774492,1.369012744526882,0.116431482,0.6309872554731171,0.085568518,1.4119774770025022,0.130395049,2.3848876915345336,0.239231213,1.0
44,1.5655363552599395,0.142446883,0.0273896228241322,0.002684076,1.3197077769263468,0.1447648,0.0032655673230801,0.001167186,8.434463644740065,0.359553117,0.1288009007401516,0.006613055,0.1235171351985539,0.010510001,1.382534672091528,0.117597485,0.6174653279084711,0.084402515,1.4387536527383058,0.132769696,2.3973189969877304,0.240260882,1.0
45,1.5899212084278085,0.14451269,0.026684235729759,0.002644411,1.313927234199383,0.144266972,0.0032402636918709,0.001164916,8.410078791572191,0.35748731,0.1249898237517928,0.006413039,0.1215439239003317,0.010241952,1.3955181539573962,0.118727701,0.6044818460426018,0.083272299,1.4651370208356065,0.135105821,2.4096145187268587,0.24126871,1.0
46,1.6137701620686733,0.146537963,0.0259899252285361,0.002605885,1.3083921305267454,0.143785097,0.0032152188124576,0.001162721,8.38622983793133,0.355462037,0.1212124328368401,0.006220437,0.1194280631705138,0.009971693,1.4079852848427226,0.119823509,0.5920147151572752,0.082176491,1.4911268800857016,0.137403549,2.4217622294249037,0.242254167,1.0
47,1.6370961156933752,0.14852414,0.0253077321856908,0.002568467,1.3030914147320254,0.143318551,0.0031904139937072,0.001160596,8.362903884306627,0.35347586,0.1174769086631737,0.006035095,0.1171827858826587,0.009700475,1.4199577150022986,0.120886235,0.5800422849976989,0.081113765,1.516722915817009,0.139663069,2.43375074454274,0.243216816,1.0
48,1.6599123171998875,0.150472623,0.0246385964514924,0.002532124,1.298014314956382,0.142866738,0.0031658364466698,0.001158536,8.340087682800108,0.351527377,0.1137906199891839,0.00585684,0.1148212994277403,0.009429447,1.4314566019148318,0.121917146,0.5685433980851656,0.080082854,1.541925181325477,0.14188464,2.4455693327285277,0.244156314,1.0
49,1.6822322846661029,0.15238478,0.0239833502702387,0.002496826,1.293150365043027,0.142429086,0.0031414784304267,0.001156537,8.317767715333893,0.34961522,0.1101601565471766,0.005685484,0.1123567225053004,0.009159662,1.4425025663751927,0.122917461,0.5574974336248046,0.079082539,1.5667340837303756,0.144068581,2.457207927203827,0.245072404,1.0
,,,,,,,,,,,,,,,,,,,,,,,
0,0.0,0.001,0.0,0.001,2.0,0.201,0.0,0.001,12.5,0.501,0.0,0.001,0.0,0.001,0.0,0.001,2.0,0.201,0.0,0.001,2.0,0.201,1.0
1,0.0378644872566706,0.004650017,0.0190046995484068,0.002811504,1.970553862176788,0.198201224,0.0048838769302637,0.001454199,12.462135512743323,0.497349983,0.0054212119110846,0.001510033,0.0001319301657176,0.001022291,0.0322863739631078,0.004094364,1.9677136260368933,0.197905636,0.0328486801606892,0.004173526,2.00000441926774,0.201000749,1.0
2,0.0756117245543208,0.008288004,0.032217310555958,0.004025935,1.9420185284811595,0.195544529,0.0053435202349312,0.001481431,12.424388275445676,0.493711996,0.0193543876924734,0.002771972,0.0009943742901658,0.001164167,0.0773474974199236,0.008351368,1.9226525025800776,0.193648632,0.0692738300292237,0.007642406,2.000071878745313,0.201011966,1.0
3,0.1138161900324683,0.01198922,0.0401452997050038,0.004704322,1.9142485475538047,0.193014514,0.005562587450667,0.001485131,12.38618380996753,0.49001078,0.036824827704252,0.004276899,0.0028890836865694,0.001465384,0.1265919501632289,0.012933269,1.873408049836772,0.189066731,0.1053645188952317,0.011038705,2.000329653899702,0.20105375,1.0
4,0.1526317657375248,0.01576715,0.0450280924994791,0.005071813,1.8872225672319456,0.190605126,0.0056531047573096,0.001477129,12.347368234262474,0.48623285,0.0553699025417957,0.005786456,0.0058076558732402,0.001912897,0.177595868888993,0.017603156,1.822404131111008,0.184396844,0.1411710051069748,0.014377125,2.0009186770962284,0.20114658,1.0
5,0.1920709982915987,0.01961468,0.0480679005431063,0.005251791,1.8609221365528965,0.188309507,0.0056693708781254,0.001463239,12.307929001708402,0.48238532,0.0737574571813781,0.007192277,0.0096202656357884,0.002476729,0.229084191547746,0.02223971,1.7709158084522552,0.17976029,0.1767813617776847,0.017674712,2.0019628692087053,0.201306458,1.0
6,0.2320802146461952,0.023517109,0.0499540801810782,0.005316439,1.8353309011050205,0.186120712,0.0056421883116255,0.001446662,12.267919785353806,0.478482891,0.0913537146510619,0.008447565,0.014160724292724,0.003124752,0.280338564799012,0.02677831,1.7196614352009894,0.17522169,0.2122773020418455,0.020945695,2.0035583914584896,0.201543869,1.0
7,0.272576292198163,0.027457822,0.0510999371507661,0.005309754,1.81043414961241,0.184032068,0.0055897263412749,0.001429174,12.227423707801837,0.474542178,0.1078397450849777,0.009536514,0.0192639379793297,0.003828139,0.3309392709386982,0.031184885,1.6690607290613035,0.170815115,0.2477226278775583,0.024200509,2.0057725038312406,0.201864351,1.0
8,0.3134653442413562,0.031420705,0.0517608961266224,0.005259212,1.7862184147866038,0.182037321,0.0055229920590794,0.001411752,12.186534655758642,0.470579295,0.1230699379997356,0.010459288,0.0247810581597164,0.004562863,0.3806366665075794,0.035442662,1.619363333492423,0.166557338,0.2831612940225606,0.02744609,2.0086467008682423,0.202269564,1.0
9,0.3546522535102008,0.035391109,0.0520983109928254,0.005182219,1.7626711710085197,0.180130685,0.0054487849864232,0.00139492,12.145347746489804,0.466608891,0.1369963084935127,0.01122418,0.0305841030789205,0.005309627,0.4292819233430833,0.039544929,1.5707180766569189,0.162455071,0.3186193654448572,0.030686562,2.0122013214397985,0.202758367,1.0
10,0.3960454150775757,0.039356135,0.0522158311466869,0.005089881,1.739780622083792,0.178306841,0.0053713653835955,0.001378937,12.103954584922429,0.462643865,0.149626144224559,0.011843365,0.0365658010971777,0.006053249,0.476787663579011,0.043490871,1.5232123364209915,0.158509129,0.3541082485968024,0.03392395,2.0164402360641884,0.203327727,1.0
11,0.4375589265756217,0.04330463,0.0521809275730898,0.004989296,1.7175355595265105,0.176560906,0.0052934271908087,0.001363913,12.06244107342438,0.45869537,0.1609975996074606,0.012330549,0.0426374859197991,0.006781932,0.5231047178421248,0.047283104,1.4768952821578785,0.154716896,0.3896280134650137,0.037158785,2.0213550001823304,0.203973404,1.0
12,0.4791134136295219,0.047227059,0.0520379905373785,0.004884989,1.6959252712016002,0.174888401,0.00521667962355,0.001349872,12.02088658637048,0.454772941,0.1711653738063509,0.012699678,0.0487264072441766,0.007486607,0.5682080137244262,0.050926177,1.4317919862755766,0.151073823,0.4251703267617953,0.04039058,2.026928277586944,0.204690453,1.0
13,0.520636135722848,0.051115333,0.0518164671660545,0.004779823,1.674939483153478,0.173285209,0.0051422018382163,0.001336792,11.979363864277152,0.450884667,0.180192228965926,0.012964233,0.0547730788956376,0.008160368,0.6120878240733615,0.054425664,1.3879121759266415,0.147574336,0.460720854988994,0.043618173,2.033136539980688,0.205473575,1.0
14,0.5620607279318567,0.054962634,0.0515360023490439,0.004675582,1.6545683212232882,0.171747542,0.0050706629348762,0.001324627,11.937939272068142,0.447037366,0.1881439643376481,0.013136872,0.0607289163796055,0.008798027,0.6547442493472225,0.057787606,1.345255750652781,0.144212394,0.4962611486173751,0.04683998,2.0399521327755377,0.206317349,1.0
15,0.6033267753505511,0.058763254,0.0512097328485303,0.004573352,1.6348022825988229,0.170271904,0.0050024605452293,0.001313318,11.896673224649447,0.443236746,0.1950864660580451,0.013229269,0.0665542368482545,0.009395765,0.6961836945735278,0.061018175,1.3038163054264758,0.140981825,0.5317700779570673,0.050054171,2.0473448211011167,0.207216392,1.0
16,0.6443793286104127,0.062512446,0.0508464254682156,0.004473762,1.6156322104114067,0.168855062,0.0049378094132816,0.001302803,11.855620671389584,0.439487554,0.2010840156852779,0.013252065,0.0722166132036115,0.009950856,0.7364165992754153,0.064123465,1.2635834007245883,0.137876535,0.5672249059935197,0.053258786,2.0552829258182053,0.208165452,1.0
17,0.6851684189981474,0.066206302,0.0504518825550668,0.004377151,1.5970492668332652,0.167494023,0.0048767988261245,0.00129302,11.814831581001853,0.435793698,0.2061983659541312,0.013214882,0.0776895416299603,0.010461458,0.7754559673723168,0.067109387,1.2245440326276864,0.134890613,0.6026020785420626,0.056451824,2.0637341442014505,0.209159466,1.0
18,0.7256486033267735,0.069841643,0.0500298781798688,0.00428367,1.579044901896489,0.166186005,0.0048194303906558,0.001283908,11.774351396673229,0.432158357,0.2104882843097248,0.013126368,0.0829513729575238,0.010926449,0.8133164155675332,0.069981597,1.1866835844324708,0.132018403,0.6378777999785942,0.059631285,2.072666132265738,0.210193599,1.0
19,0.7657785526062291,0.073415925,0.0495827908853501,0.004193352,1.5616108165531375,0.164928422,0.0047656432619515,0.001275413,11.734221447393772,0.428584075,0.2140093801401951,0.012994267,0.087984459967094,0.011345294,0.8500135626220099,0.072745471,1.1499864373779936,0.129254529,0.6730284493771836,0.062795218,2.0820469091922718,0.211263253,1.0
20,0.8055206894705539,0.076927161,0.0491120385738414,0.004106156,1.5447389194332766,0.163718858,0.0047153312737968,0.001267482,11.694479310529443,0.425072839,0.2168141018152558,0.012825485,0.0927744785939297,0.011717948,0.8855636458224638,0.075406097,1.1144363541775386,0.126593903,0.7080308796028268,0.065941731,2.0918451303099,0.212364071,1.0
21,0.8448408742771094,0.080373854,0.048618383295389,0.004021996,1.528421277429625,0.162555059,0.0046683547957743,0.001260067,11.655159125722893,0.421626146,0.2189518327724783,0.012626164,0.0973098878839985,0.012044775,0.9199832907720542,0.077968275,1.0800167092279485,0.124031725,0.7428626315973361,0.069069012,2.102030263822735,0.213491938,1.0
22,0.8837081370853225,0.083754935,0.0481021497312243,0.003940764,1.5126500607211484,0.161434913,0.0046245491334105,0.001253126,11.61629186291468,0.418245065,0.2204690426077468,0.012401748,0.1015815001178981,0.012326479,0.9532893857122042,0.08043653,1.0467106142877982,0.12156347,0.7775020878340131,0.072175331,2.112572697688572,0.21464297,1.0
23,0.9220944513521396,0.087069717,0.0475633858242946,0.003862338,1.4974174832008549,0.160356439,0.0045837306555017,0.001246617,11.577905548647864,0.414930283,0.2214094657663561,0.01215705,0.1055821382222127,0.012564052,0.9854990275301418,0.082815127,1.0145009724698597,0.119184873,0.8119285824744239,0.075259047,2.1234437963307813,0.215813503,1.0
24,0.9599745445685854,0.090317844,0.0470019840926731,0.003786593,1.4827157395352857,0.159317773,0.0045457014305803,0.001240506,11.54002545543142,0.411682156,0.2218142908375909,0.011896311,0.1093063623156619,0.012758731,1.0166295168323158,0.085108084,0.9833704831676858,0.116891916,0.8461224808223423,0.078318607,2.1346159217882086,0.217000087,1.0
25,0.9973257408701318,0.093499258,0.0464177756948179,0.003713402,1.4685369402802215,0.158317163,0.0045102528947169,0.00123476,11.50267425912987,0.408500742,0.2217223499798902,0.011623254,0.1127502510479934,0.012911954,1.0466983860769774,0.087319189,0.9533016139230248,0.114680811,0.8800652369274204,0.081352545,2.146062430102359,0.218199468,1.0
26,1.0341278306907868,0.096614159,0.0458106050618258,0.003642645,1.454873046623127,0.157352955,0.0044771689018177,0.001229348,11.46587216930922,0.405385841,0.2211703020993169,0.011341139,0.1159112264091394,0.013025332,1.075723449078044,0.089452021,0.9242765509219584,0.112547979,0.9137394353798284,0.08435948,2.157757650904773,0.219408582,1.0
27,1.0703629626905404,0.099662978,0.0451803900931793,0.003574207,1.4417158064236928,0.156423584,0.0044462283923034,0.001224243,11.429637037309467,0.402337022,0.2201928059765923,0.011052805,0.118787913053648,0.013100617,1.1037228630509608,0.091509957,0.896277136949041,0.110490043,0.947128821244588,0.087338118,2.169676856060584,0.220624544,1.0
28,1.1060155534124754,0.102646344,0.0445271710367273,0.003507978,1.4290566932796382,0.155527571,0.0044172078361405,0.001219421,11.393984446587536,0.399353656,0.2188226811553819,0.010760714,0.121380025029631,0.013139678,1.130715196303803,0.093496196,0.8692848036961995,0.108503804,0.9802183205467028,0.090287245,2.181796221662481,0.221844637,1.0
29,1.1410722103937467,0.105565062,0.0438511499277331,0.003443857,1.4168868503523029,0.154663515,0.0043898835490084,0.00121486,11.358927789606264,0.396434938,0.2170910554249069,0.01046699,0.1236882742329366,0.013144473,1.1567194960290947,0.095413766,0.8432805039709073,0.106586234,1.012994052611801,0.093205729,2.1940927865131123,0.223066304,1.0
30,1.1755216647547744,0.108420089,0.0431527216457267,0.003381749,1.405197040640784,0.153830084,0.0043640339381364,0.001210538,11.324478335245232,0.393579911,0.2150274983797957,0.010173455,0.1257142960168613,0.013117033,1.1817553516495165,0.097265537,0.8182446483504862,0.104734463,1.0454433347997758,0.096092518,2.206544409378697,0.22428714,1.0
31,1.2093547096228243,0.111212512,0.0424324971327863,0.003321566,1.3939776052896846,0.153026013,0.0043394417023046,0.001206438,11.29064529037718,0.390787488,0.2126601409627167,0.009881659,0.1274605882484773,0.013059439,1.2058429499616776,0.099054236,0.7941570500383255,0.102945764,1.0775546796720417,0.098946635,2.2191297266640317,0.225504886,1.0
32,1.2425641411124544,0.113943528,0.041691319018514,0.003263226,1.3832184313510674,0.152250097,0.0043158959858409,0.001202541,11.257435858887549,0.388056472,0.2100157811810554,0.00959291,0.1289304607723918,0.012973805,1.2290031190025583,0.100782454,0.7709968809974442,0.101217546,1.109317784354221,0.101767181,2.2318281116911303,0.22671742,1.0
33,1.275144698988533,0.116614428,0.0409302697586616,0.003206653,1.3729089301956,0.15150119,0.0042931944676054,0.001198834,11.224855301011468,0.385385572,0.2071199763939991,0.009308305,0.1301279927668699,0.012862261,1.2512573581933844,0.102452658,0.7487426418066183,0.099547342,1.1407235117540575,0.104553333,2.244619636417264,0.227922757,1.0
34,1.3070930045778335,0.119226579,0.0401506723758846,0.003151778,1.363038027484576,0.150778197,0.0042711453520676,0.0011953,11.192906995422168,0.382773421,0.2039971227250617,0.009028748,0.1310579958912285,0.012726938,1.2726278529308792,0.104067195,0.7273721470691235,0.097932805,1.1717638633345364,0.107304341,2.257485036171181,0.229119038,1.0
35,1.3384074939689956,0.121781412,0.0393540839617529,0.003098535,1.3535941652808992,0.150080074,0.0042495692202771,0.001191929,11.161592506031004,0.380218588,0.2006705222871761,0.008754977,0.1317259814548486,0.012569952,1.2931374724127165,0.105628306,0.7068625275872864,0.096371694,1.2024319432938682,0.110019531,2.2704056777950474,0.230304533,1.0
36,1.369088345040241,0.124280403,0.0385422822333259,0.003046865,1.3445653165046951,0.149405822,0.0042283006935825,0.001188706,11.13091165495975,0.377719597,0.1971624390234609,0.008487581,0.1321381301085019,0.012393394,1.312809750105458,0.107138128,0.6871902498945449,0.094861872,1.2327219142381551,0.112698303,2.283363531436437,0.231477631,1.0
37,1.3991373973677823,0.126725069,0.0377172456123904,0.00299671,1.3359390115432677,0.148754488,0.0042071898622399,0.001185623,11.100862602632205,0.375274931,0.1934941440710523,0.008227022,0.1323012627844713,0.012199316,1.3316688468821458,0.108598702,0.6683311531178571,0.093401298,1.26262894472107,0.11534013,2.2963411461265832,0.23263684,1.0
38,1.4285580645802054,0.129116949,0.0368811274894324,0.00294802,1.3277023764237323,0.148125158,0.004186103434332,0.001182668,11.071441935419784,0.372883051,0.1896859516485647,0.007973648,0.1322228118058515,0.011989721,1.3497394974585952,0.110011979,0.6502605025414077,0.091988021,1.2921491493400212,0.11794456,2.3093216291980903,0.233780785,1.0
39,1.4573552392177267,0.131457598,0.0360362255273991,0.002900745,1.3198421815697028,0.147516957,0.0041649255673389,0.001179833,11.04264476078226,0.370542402,0.1857572465481286,0.00772771,0.1319107912569936,0.011766552,1.3670469413235034,0.111379824,0.6329530586764998,0.090620176,1.321279522393394,0.120511213,2.3222886295304392,0.234908203,1.0
40,1.4855351906116088,0.133748579,0.0351849470338242,0.002854839,1.312344899811072,0.14692905,0.0041435583547123,0.001177109,11.01446480938838,0.368251421,0.1817265043777088,0.007489373,0.1313737658634007,0.011531685,1.383616839867032,0.112704024,0.6163831601329711,0.089295976,1.3500178663934956,0.123039785,2.335226324559285,0.236017944,1.0
41,1.5131054567004107,0.135991452,0.0343297715678825,0.002810259,1.305196772017111,0.146360633,0.0041219219521733,0.00117449,10.986894543299575,0.366008548,0.1776113057453084,0.007258733,0.1306208177755041,0.011286921,1.399475181845366,0.113986287,0.6005248181546369,0.088013713,1.378362716972734,0.125530042,2.348119410942023,0.237108965,1.0
42,1.5400747310305651,0.138187772,0.0334732120387127,0.002766964,1.2983838784938506,0.145810939,0.0040999543422997,0.001171967,10.959925268969426,0.363812228,0.1734283456007191,0.00703582,0.1296615107900475,0.011033979,1.4146481796572163,0.11522825,0.5853518203427867,0.08677175,1.4063132658982185,0.127981826,2.360953098734373,0.238180332,1.0
43,1.5664527464370217,0.140339075,0.0326177755843486,0.002724915,1.291892214139014,0.14527923,0.0040776107503055,0.001169534,10.93354725356297,0.361660925,0.1691934389502942,0.006820615,0.1285058516772721,0.010774492,1.4291621591391517,0.116431482,0.5708378408608512,0.085568518,1.433869284009445,0.130395049,2.3737131088987686,0.239231213,1.0
44,1.5922501570581378,0.142446883,0.031765925493019,0.002684076,1.2857077652883826,0.1447648,0.0040548627377299,0.001167186,10.907749842941856,0.359553117,0.1649215241343462,0.006613055,0.1271642484126507,0.010510001,1.443043445702355,0.117597485,0.5569565542976475,0.084402515,1.4610310459077576,0.132769696,2.386385673933875,0.240260882,1.0
45,1.6174784204056376,0.14451269,0.0309200453415264,0.002644411,1.279816586217449,0.144266972,0.0040316970130992,0.001164916,10.88252157959436,0.35748731,0.1606266648048375,0.006413039,0.1256474652385616,0.010241952,1.4563182496326883,0.118727701,0.543681750367314,0.083272299,1.4877992581539772,0.135105821,2.398957541384529,0.24126871,1.0
46,1.6421496811888705,0.146537963,0.0300824063846785,0.002605885,1.274204873376948,0.143785097,0.0040081140086778,0.001162721,10.857850318811126,0.355462037,0.1563220516638769,0.006220437,0.1239665746033567,0.009971693,1.4690125532640934,0.119823509,0.5309874467359089,0.082176491,1.5141749925768355,0.137403549,2.4114159799624653,0.242254167,1.0
47,1.6662766584912554,0.14852414,0.0292551390451406,0.002568467,1.2688590356304144,0.143318551,0.0039841262795845,0.001160596,10.83372334150874,0.35347586,0.1520200049231905,0.006035095,0.122132906141565,0.009700475,1.4811520025236982,0.120886235,0.5188479974763037,0.081113765,1.5401596260701065,0.139663069,2.423748787980109,0.243216816,1.0
48,1.689872537728599,0.150472623,0.0284402091373939,0.002532124,1.2637657590121036,0.142866738,0.0039597567854499,0.001158536,10.810127462271396,0.351527377,0.1477319783243499,0.00585684,0.1201579929679479,0.009429447,1.4927618050519096,0.121917146,0.5072381949480919,0.080082854,1.565754787975201,0.14188464,2.4359443037727595,0.244156314,1.0
49,1.712950868599679,0.15238478,0.0276393992272399,0.002496826,1.258912064817237,0.142429086,0.0039350371153549,0.001156537,10.78704913140032,0.34961522,0.1434685654232516,0.005685484,0.1180535156580622,0.009159662,1.5038666367424345,0.122917461,0.4961333632575673,0.079082539,1.5909623158262614,0.144068581,2.447991417758859,0.245072404,1.0
,,,,,,,,,,,,,,,,,,,,,,,
0,0.0,0.001,0.0,0.001,2.0,0.201,0.0,0.001,15.0,0.501,0.0,0.001,0.0,0.001,0.0,0.001,2.0,0.201,0.0,0.001,2.0,0.201,1.0
1,0.0380250963933271,0.004650017,0.0191122921779041,0.002811504,1.9703766146004844,0.198201224,0.0049263282055141,0.001454199,14.961974903606674,0.497349983,0.0054650540222825,0.001510033,0.0001158331849808,0.001022291,0.0324483034832476,0.004094364,1.9675516965167523,0.197905636,0.0329829350028321,0.004173526,2.000003877808831,0.201000749,1.0
2,0.0759089798588116,0.008288004,0.032459305243987,0.004025935,1.9415946096015535,0.195544529,0.0054117433297419,0.001481431,14.924091020141187,0.493711996,0.0195947523643488,0.002771972,0.0008763275187063,0.001164167,0.0778164912135558,0.008351368,1.9221835087864445,0.193648632,0.0696209090103634,0.007642406,2.000063261941658,0.201011966,1.0
3,0.1141880840991504,0.01198922,0.0405383774682513,0.004704322,1.913505568535033,0.193014514,0.0056577955976255,0.001485131,14.88581191590085,0.49001078,0.0374506057649026,0.004276899,0.0025565066044724,0.001465384,0.1274932750252987,0.012933269,1.8725067249747007,0.189066731,0.1059737818970524,0.011038705,2.000291146029711,0.20105375,1.0
4,0.1530134746216535,0.01576715,0.0455891694002462,0.005071813,1.8860893198000293,0.190605126,0.0057756912968635,0.001477129,14.846986525378345,0.48623285,0.0565710250811739,0.005786456,0.0051603968676305,0.001912897,0.1790536991850521,0.017603156,1.8209463008149476,0.184396844,0.1420773864571594,0.014377125,2.0008143975540524,0.20114658,1.0
5,0.1924092034047396,0.01961468,0.0488112255893749,0.005251791,1.8593304799190813,0.188309507,0.0058190785284052,0.001463239,14.807590796595258,0.48238532,0.0757095326393138,0.007192277,0.008582915919955,0.002476729,0.2312204006115257,0.02223971,1.7687795993884738,0.17976029,0.1780072089563792,0.017674712,2.0017467674038656,0.201306458,1.0
6,0.2323377247540704,0.023517109,0.0508905320858601,0.005316439,1.8332167623256816,0.186120712,0.0058183781864777,0.001446662,14.767662275245923,0.478482891,0.0942118403222242,0.008447565,0.0126836092174958,0.003124752,0.2832708929316088,0.02677831,1.7167291070683903,0.17522169,0.2138357373500968,0.020945695,2.0031788778622563,0.201543869,1.0
7,0.2727323509352848,0.027457822,0.052237179138761,0.005309754,1.8077380767176623,0.184032068,0.005791554965389,0.001429174,14.727267649064716,0.474542178,0.1117367615252351,0.009536514,0.0173199137998603,0.003828139,0.3347797157302694,0.031184885,1.6652202842697297,0.170815115,0.2496208821700352,0.024200509,2.005176513853088,0.201864351,1.0
8,0.3135141249817799,0.031420705,0.0531038172149678,0.005259212,1.7828858785831014,0.182037321,0.0057495246807505,0.001411752,14.68648587501822,0.470579295,0.1281167759562947,0.010459288,0.0223612414592478,0.004562863,0.3854902183112688,0.035442662,1.6145097816887304,0.166557338,0.2854033588417813,0.02744609,2.007782762105634,0.202269564,1.0
9,0.3546007129680375,0.035391109,0.0536495186892036,0.005182219,1.758652714841329,0.180130685,0.0056990678301297,0.00139492,14.645399287031958,0.466608891,0.1432832708299666,0.01122418,0.0276938053134595,0.005309627,0.4352456367266571,0.039544929,1.564754363273342,0.162455071,0.3212078398244481,0.030686562,2.0110216224959085,0.202758367,1.0
10,0.3959110448663004,0.039356135,0.0539760997082617,0.005089881,1.7350319157058345,0.178306841,0.0056444714603895,0.001378937,14.604088955133694,0.462643865,0.1572245525533747,0.011843365,0.0332210936214461,0.006053249,0.4839500187348118,0.043490871,1.5160499812651878,0.158509129,0.3570454797844645,0.03392395,2.014901866950692,0.203327727,1.0
11,0.4373676377852512,0.04330463,0.0541495687412589,0.004989296,1.7120173913553935,0.176560906,0.0055884848699429,0.001363913,14.562632362214744,0.45869537,0.1699615258927548,0.012330549,0.0388624558437205,0.006781932,0.531545217787015,0.047283104,1.4684547822129843,0.154716896,0.3929166970715873,0.037158785,2.019420573296926,0.203973404,1.0
12,0.4788976430921908,0.047227059,0.0542131422788142,0.004884989,1.6896035010413837,0.174888401,0.0055328897463957,0.001349872,14.521102356907802,0.454772941,0.1815333227998275,0.012699678,0.0445510257765515,0.007486607,0.577996965813445,0.050926177,1.4220030341865544,0.151073823,0.4288137275692433,0.04039058,2.0245661183570247,0.204690453,1.0
13,0.5204331934278326,0.051115333,0.0541953080421899,0.004779823,1.6677849701038012,0.173285209,0.0054788470277947,0.001336792,14.47956680657216,0.450884667,0.1919887112945753,0.012964233,0.0502315663691882,0.008160368,0.6232862612773912,0.054425664,1.3767137387226074,0.147574336,0.4647227800308494,0.043618173,2.030320597162448,0.205473575,1.0
14,0.561911373967916,0.054962634,0.0541149031828041,0.004675582,1.6465568367401069,0.171747542,0.0054271114381293,0.001324627,14.43808862603208,0.447037366,0.201380937930932,0.013136872,0.0558584920772507,0.008798027,0.6674039548912823,0.057787606,1.3325960451087158,0.144212394,0.5006257704525358,0.04683998,2.0366617186307745,0.206317349,1.0
15,0.6032740025177474,0.058763254,0.0539843576960134,0.004573352,1.625914415374394,0.170271904,0.0053781661299796,0.001313318,14.39672599748225,0.443236746,0.2097646429074668,0.013229269,0.0613941596138536,0.009395765,0.7103473014522732,0.061018175,1.2896526985477248,0.140981825,0.5365016767739141,0.050054171,2.0435642582782902,0.207216392,1.0
16,0.644467323797065,0.062512446,0.0538117927534596,0.004473762,1.6058532673088093,0.168855062,0.0053323083340444,0.001302803,14.355532676202934,0.439487554,0.2171940404978064,0.013252065,0.066807438868386,0.009950856,0.7521177432194139,0.064123465,1.2478822567805838,0.137876535,0.5723275765946344,0.053258786,2.051001152237491,0.208165452,1.0
17,0.6854416776759212,0.066206302,0.0536023956741224,0.004377151,1.586369172222226,0.167494023,0.0052897045535311,0.00129302,14.314558322324078,0.435793698,0.2237218776519673,0.013214882,0.0720725410927544,0.010461458,0.7927194778264406,0.067109387,1.207280522173557,0.134890613,0.6080794320296355,0.056451824,2.0589443088053945,0.209159466,1.0
18,0.7261511746009301,0.069841643,0.0533593334090662,0.00428367,1.567458096219588,0.166186005,0.0052504265963235,0.001283908,14.273848825399067,0.432158357,0.2293988729544984,0.013126368,0.077168069133764,0.010926449,0.8321585341694167,0.069981597,1.167841465830581,0.132018403,0.6437326788708426,0.059631285,2.0673652016867554,0.210193599,1.0
19,0.7665533959223018,0.073415925,0.0530843692117238,0.004193352,1.5491161537115574,0.164928422,0.0052144754210738,0.001275413,14.233446604077695,0.428584075,0.2342734520217805,0.012994267,0.0820762528816253,0.011345294,0.8704421826336495,0.072745471,1.129557817366347,0.129254529,0.6792626676196024,0.062795218,2.076235296752235,0.211263253,1.0
20,0.806609127710435,0.076927161,0.0527782871282963,0.004106156,1.5313395615700696,0.163718858,0.0051817971658718,0.001267482,14.193390872289564,0.425072839,0.2383916648552517,0.012825485,0.086782336180914,0.011717948,0.9075785690968294,0.075406097,1.0924214309031672,0.126593903,0.7146449943636493,0.065941731,2.085526353099592,0.212364071,1.0
21,0.8462821312899632,0.080373854,0.0524411913723162,0.004021996,1.514124584882092,0.162555059,0.0051522941343009,0.001260067,14.153717868710036,0.421626146,0.2417972134392294,0.012626164,0.0912740861797453,0.012044775,0.943576501247783,0.077968275,1.0564234987522132,0.124031725,0.7498557509759172,0.069069012,2.095210629992311,0.213491938,1.0
22,0.8855389505708585,0.083754935,0.0520727238605884,0.003940764,1.4974674743030505,0.161434913,0.0051258325285429,0.001253126,14.11446104942914,0.418245065,0.2445315444339039,0.012401748,0.0955414010243135,0.012326479,0.9784453402226052,0.08043653,1.0215546597773917,0.12156347,0.7848717170180022,0.072175331,2.105261023849596,0.21464297,1.0
23,0.924348754406551,0.087069717,0.0516722279595575,0.003862338,1.4813643955594875,0.160356439,0.0051022481032871,0.001246617,14.075651245593452,0.414930283,0.2466339784116233,0.01215705,0.0995759963066252,0.012564052,1.0121949659659253,0.082815127,0.9878050340340708,0.119184873,0.8196705099966389,0.075259047,2.115651153659415,0.215813503,1.0
24,0.962683211116469,0.090317844,0.0512388766313093,0.003786593,1.4658113521125744,0.159317773,0.0050813505239979,0.001240506,14.037316788883532,0.411682156,0.2481418575030691,0.011896311,0.1033711545218544,0.012758731,1.0448357944699616,0.085108084,0.9551642055300358,0.116891916,0.8542307060706169,0.078318607,2.126355408707192,0.217000087,1.0
25,1.0005163916556818,0.093499258,0.0507717767067771,0.003713402,1.450804102397559,0.158317163,0.0050629269615886,0.00123476,13.99948360834432,0.408500742,0.24909069988083,0.011623254,0.1069215249633056,0.012911954,1.0763788312218947,0.087319189,0.9236211687781026,0.114680811,0.888531939730788,0.081352545,2.1373489690899388,0.218199468,1.0
26,1.0378246975125378,0.096614159,0.0502700567233884,0.003642645,1.4363380734125508,0.157352955,0.0050467452894338,0.001229348,13.962175302487468,0.405385841,0.2495143536495344,0.011341139,0.1102229640378696,0.013025332,1.10683574911089,0.089452021,0.8931642508891071,0.112547979,0.922554988185234,0.08435948,2.148607806887221,0.219408582,1.0
27,1.0745868091638942,0.099662978,0.0497329428771747,0.003574207,1.422408272745339,0.156423584,0.0050325571350656,0.001224243,13.92541319083611,0.402337022,0.2494451453331834,0.011052805,0.1132724080130924,0.013100617,1.1362189815411905,0.091509957,0.8637810184588073,0.110490043,0.9562818440157348,0.087338118,2.160108673896142,0.220624544,1.0
28,1.11078365076509,0.102646344,0.0491598256732855,0.003507978,1.40900920139305,0.155527571,0.0050201009574688,0.001219421,13.889216349234918,0.399353656,0.2489140198180522,0.010760714,0.1160677718016569,0.013139678,1.1645418231035891,0.093496196,0.8354581768964076,0.108503804,0.9896957780059628,0.090287245,2.1718290803564844,0.221844637,1.0
29,1.1463983666778488,0.105565062,0.0485503185119783,0.003443857,1.3961347699342543,0.154663515,0.0050091052590441,0.00121486,13.853601633322157,0.396434938,0.2479506696826162,0.01046699,0.1186078686350068,0.013144473,1.191818531226292,0.095413766,0.8081814687737049,0.106586234,1.0227813927837963,0.093205729,2.1837472679770973,0.223066304,1.0
30,1.1814163054420483,0.108420089,0.0479043085313897,0.003381749,1.3837782207410032,0.153830084,0.0049992919914671,0.001210538,13.818583694557956,0.393579911,0.2465836525530837,0.010173455,0.1208923464475997,0.013117033,1.2180644229926014,0.097265537,0.7819355770073958,0.104734463,1.0555246670029803,0.096092518,2.195842179735453,0.22428714,1.0
31,1.2158250068849972,0.111212512,0.047221999427323,0.003321566,1.371932058952658,0.153026013,0.0049903801724374,0.001206438,13.784174993115007,0.390787488,0.244840495609923,0.009881659,0.1229216375469561,0.013059439,1.2432959619356367,0.099054236,0.7567040380643607,0.102945764,1.0879129891656023,0.098946635,2.208093428290699,0.225504886,1.0
32,1.2496141882464888,0.113943528,0.0465039456119966,0.003263226,1.3605879948592892,0.152250097,0.0049820896934794,0.001202541,13.750385811753516,0.388056472,0.2427477867294536,0.00959291,0.1246969187309731,0.012973805,1.2675308302057475,0.100782454,0.7324691697942495,0.101217546,1.1199351798220356,0.101767181,2.220481264374805,0.22671742,1.0
33,1.2827757254906444,0.116614428,0.0457510769127483,0.003206653,1.3497369001487654,0.15150119,0.0049741452667248,0.001198834,13.71722427450936,0.385385572,0.2403312520323488,0.009308305,0.1262200794719749,0.012862261,1.290787982123748,0.102452658,0.7092120178762489,0.099547342,1.151581500751944,0.104553333,2.232986546167435,0.227922757,1.0
34,1.3153036263830389,0.119226579,0.044964713017037,0.003151778,1.33936878015343,0.150778197,0.0049662804311503,0.0011953,13.684696373616966,0.382773421,0.2376158198619114,0.009028748,0.1274936961477492,0.012726938,1.3130876758230188,0.104067195,0.6869123241769781,0.097932805,1.1828436498041386,0.107304341,2.2455907103887185,0.229119038,1.0
35,1.3471939924334944,0.121781412,0.0441465670169243,0.003098535,1.3294727637924666,0.150080074,0.004958241516788,0.001191929,13.652806007566513,0.380218588,0.2346256714478578,0.008754977,0.1285210105879522,0.012569952,1.33445148046343,0.105628306,0.6655485195365668,0.096371694,1.213714740328753,0.110019531,2.2582757456380094,0.230304533,1.0
36,1.378444967432029,0.124280403,0.0432987376706754,0.003046865,1.3200371123564776,0.149405822,0.0049497914499756,0.001188706,13.62155503256798,0.377719597,0.2313842787343623,0.008487581,0.1293059114391084,0.012393394,1.3549022573678864,0.107138128,0.6450977426321103,0.094861872,1.2441892645429438,0.112698303,2.2710241683493995,0.231477631,1.0
37,1.4090566710193295,0.126725069,0.0424236903550417,0.00299671,1.3110492476425906,0.148754488,0.0049407132747431,0.001185623,13.590943328980684,0.375274931,0.2279144300657017,0.008227022,0.1298529170480824,0.012199316,1.374464114370027,0.108598702,0.6255358856299701,0.093401298,1.2742630406965032,0.11534013,2.283819001613839,0.23263684,1.0
38,1.439031116506381,0.129116949,0.0415242270994318,0.00294802,1.302495799251192,0.148125158,0.0049308132656768,0.001182668,13.560968883493633,0.372883051,0.2242382446261251,0.007973648,0.1301671587340066,0.011989721,1.3931623336381562,0.110011979,0.606837666361841,0.091988021,1.303933144506696,0.11794456,2.2966437570235665,0.233780785,1.0
39,1.4683721129557588,0.131457598,0.0406034465392704,0.002900745,1.294362670135684,0.147516957,0.0049199235163459,0.001179833,13.53162788704426,0.370542402,0.2203771767172552,0.00772771,0.13025436347105,0.011766552,1.4110232742154936,0.111379824,0.5889767257845037,0.090620176,1.3331978259683614,0.120511213,2.309482419620393,0.234908203,1.0
40,1.4970851523200444,0.133748579,0.0396646950649973,0.002854839,1.2866351187952771,0.14692905,0.004907903904323,0.001177109,13.502914847679977,0.368251421,0.2163520111200805,0.007489373,0.1301208351456053,0.011531685,1.4280742514446834,0.112704024,0.571925748555314,0.089295976,1.362056413270115,0.123039785,2.322319435969717,0.236017944,1.0
41,1.5251772831594472,0.135991452,0.0387115108400925,0.002810259,1.2792978558596346,0.146360633,0.0048946433580461,0.00117449,13.474822716840572,0.366008548,0.2121828509231434,0.007258733,0.1297734336860408,0.011286921,1.4443433962786765,0.113986287,0.5556566037213205,0.088013713,1.390509206115359,0.125530042,2.3351397053330434,0.237108965,1.0
42,1.5526569730917683,0.138187772,0.0377475626838484,0.002766964,1.272335152272662,0.145810939,0.0048800603806843,0.001171967,13.447343026908252,0.363812228,0.207889099298374,0.00703582,0.1292195514940964,0.011033979,1.4598594981773696,0.11522825,0.540140501822627,0.08677175,1.4185573612169862,0.127981826,2.347928573870335,0.238180332,1.0
43,1.5795339626292688,0.140339075,0.036776586035733,0.002724915,1.2657309558741656,0.14527923,0.0048641028197017,0.001169534,13.420466037370751,0.361660925,0.2034894367669641,0.006820615,0.1284670867359786,0.010774492,1.4746518358139145,0.116431482,0.5253481641860823,0.085568518,1.4462027730735867,0.130395049,2.360671831767457,0.239231213,1.0
44,1.6058191134035744,0.142446883,0.0358023183197446,0.002684076,1.259469012927012,0.1447648,0.0048467469055168,0.001167186,13.394180886596448,0.359553117,0.1990017955171386,0.006613055,0.1275244131788325,0.010510001,1.4887500001411134,0.117597485,0.511249999858883,0.084402515,1.4734479533192233,0.132769696,2.373355713151754,0.240260882,1.0
45,1.631524253956908,0.14451269,0.034828436000831,0.002644411,1.2535329910567516,0.144266972,0.0048279956159733,0.001164916,13.368475746043112,0.35748731,0.1944433323127835,0.006413039,0.126400346384297,0.010241952,1.5021837144842425,0.118727701,0.4978162855157538,0.083272299,1.5002959119566357,0.135105821,2.3859668986293627,0.24126871,1.0
46,1.6566620262833809,0.146537963,0.033858495473719,0.002605885,1.2479066001612686,0.143785097,0.0048078764528252,0.001162721,13.343337973716638,0.355462037,0.1898304014675361,0.006220437,0.1251041061943592,0.009971693,1.5149826562331452,0.119823509,0.4850173437668507,0.082176491,1.5267500436361947,0.137403549,2.39849252025029,0.242254167,1.0
47,1.68124573614743,0.14852414,0.032895879660227,0.002568467,1.2425737080983084,0.143318551,0.0047864387400284,0.001160596,13.318754263852588,0.35347586,0.1851785292556955,0.006035095,0.1236452755643339,0.009700475,1.5271762844181584,0.120886235,0.4728237155818375,0.081113765,1.5528140218430664,0.139663069,2.410920168681405,0.243216816,1.0
48,1.705289209908364,0.150472623,0.0319437518360925,0.002532124,1.2375184483462258,0.142866738,0.0047637505698023,0.001158536,13.294710790091656,0.351527377,0.1805023909932878,0.00585684,0.1220337559117655,0.009429447,1.5387936769976271,0.121917146,0.4612063230023688,0.080082854,1.578491703426795,0.14188464,2.4232379023428248,0.244156314,1.0
49,1.7288066601694594,0.15238478,0.0310050177907544,0.002496826,1.2327253173270425,0.142429086,0.0047398955303767,0.001156537,13.271193339830557,0.34961522,0.1758157918553232,0.005685484,0.1202797192564991,0.009159662,1.549863381095176,0.122917461,0.4501366189048202,0.079082539,1.6037870453825824,0.144068581,2.435434258240003,0.245072404,1.0
,,,,,,,,,,,,,,,,,,,,,,,
0,0.0,0.001,0.0,0.001,2.0,0.201,0.0,0.001,10.0,0.501,0.0,0.001,0.0,0.001,0.0,0.001,2.0,0.201,0.0,0.001,2.0,0.201,1.0
1,0.037626698684572,0.004650017,0.0188468668945274,0.002811504,1.9708135257491437,0.198201224,0.0048220417594973,0.001454199,9.96237330131542,0.497349983,0.0053593411631151,0.001510033,0.0001530922624674,0.001022291,0.0320486533436548,0.004094364,1.9679513466563456,0.197905636,0.0326515646626071,0.004173526,2.000005132171245,0.201000749,1.0
2,0.0751586312275448,0.008288004,0.0318643919641362,0.004025935,1.942636585398415,0.195544529,0.0052451534509707,0.001481431,9.92484136877245,0.493711996,0.0190226525605177,0.002771972,0.0011480789167523,0.001164167,0.0766616265167106,0.008351368,1.9233383734832896,0.193648632,0.0687653988598218,0.007642406,2.0000831377092045,0.201011966,1.0
3,0.1132167518120914,0.01198922,0.0395759128179187,0.004704322,1.915326367242005,0.193014514,0.0054267302925213,0.001485131,9.886783248187902,0.49001078,0.0359738705934581,0.004276899,0.0033175883005984,0.001465384,0.1252790767916237,0.012933269,1.8747209232083768,0.189066731,0.1044724332189716,0.011038705,2.000379530753495,0.20105375,1.0
4,0.1519550136334065,0.01576715,0.0442213729178408,0.005071813,1.8888581379181468,0.190605126,0.005480040884057,0.001477129,9.84804498636659,0.48623285,0.0537552967284014,0.005786456,0.0066326618616376,0.001912897,0.1754810934036979,0.017603156,1.8245189065963028,0.184396844,0.1398423108877117,0.014377125,2.0010524896899136,0.20114658,1.0
5,0.1913684342171069,0.01961468,0.0470076418835245,0.005251791,1.8632073861919012,0.188309507,0.0054603336381502,0.001463239,9.808631565782886,0.48238532,0.0711588178774152,0.007192277,0.0109282892455234,0.002476729,0.2259983653403249,0.02223971,1.7740016346596756,0.17976029,0.1749798113334333,0.017674712,2.0022375311634826,0.201306458,1.0
6,0.2313811638201192,0.023517109,0.0486295911442888,0.005316439,1.83835037558394,0.186120712,0.0053989336824491,0.001446662,9.768618836179872,0.478482891,0.0875815601852629,0.008447565,0.01600340201549,0.003124752,0.2761209232145772,0.02677831,1.7238790767854235,0.17522169,0.2099788281221799,0.020945695,2.004036137388567,0.201543869,1.0
7,0.2718886674834143,0.027457822,0.0495056153758683,0.005309754,1.8142644033452875,0.184032068,0.0053142503742701,0.001429174,9.728111332516576,0.474542178,0.1027366600758719,0.009536514,0.0216634035171993,0.003828139,0.3254396329448337,0.031184885,1.674560367055167,0.170815115,0.2449110135919448,0.024200509,2.006515667311501,0.201864351,1.0
8,0.3127784387116115,0.031420705,0.0498953854378641,0.005259212,1.79092780838591,0.182037321,0.0052173521245705,0.001411752,9.687221561288382,0.470579295,0.1165092069541321,0.010459288,0.0277362513089899,0.004562863,0.373717027146108,0.035442662,1.6262829728538928,0.166557338,0.2798248352780511,0.02744609,2.009713995788532,0.202269564,1.0
9,0.353940063078529,0.035391109,0.0499636061383753,0.005182219,1.7683199100295877,0.180130685,0.0051149901718004,0.00139492,9.646059936921468,0.466608891,0.1288795205521183,0.01122418,0.0340764567094751,0.005309627,0.4208174768187536,0.039544929,1.5791825231812473,0.162455071,0.3147486161972535,0.030686562,2.0136455163986424,0.202758367,1.0
10,0.3952698573558568,0.039356135,0.0498164795750955,0.005089881,1.7464209381436635,0.178306841,0.0050113121898544,0.001378937,9.60473014264414,0.462643865,0.1398804745918639,0.011843365,0.0405638774929637,0.006053249,0.4666673531165541,0.043490871,1.5333326468834465,0.158509129,0.3496946676730389,0.03392395,2.0183069180065583,0.203327727,1.0
11,0.4366727174541914,0.04330463,0.0495233776700223,0.004989296,1.7252119725165391,0.176560906,0.0049088646481277,0.001363913,9.563327282545805,0.45869537,0.1495730951945777,0.012330549,0.0471005826538613,0.006781932,0.5112314176676385,0.047283104,1.4887685823323622,0.154716896,0.3846632701522027,0.037158785,2.0236821073168705,0.203973404,1.0
12,0.478062540667141,0.047227059,0.0491300889868406,0.004884989,1.7046748938639324,0.174888401,0.0048091934035191,0.001349872,9.521937459332854,0.454772941,0.1580323892146314,0.012699678,0.0536073002404398,0.007486607,0.5544984391590385,0.050926177,1.4455015608409618,0.151073823,0.4196460470231823,0.04039058,2.0297461342906358,0.204690453,1.0
13,0.519361943372769,0.051115333,0.0486670882384052,0.004779823,1.6847923435272694,0.173285209,0.0047132105668165,0.001336792,9.480638056627228,0.450884667,0.165339070767469,0.012964233,0.0600200926444154,0.008160368,0.5964722497683356,0.054425664,1.4035277502316643,0.147574336,0.4546286401615372,0.043618173,2.036468194255623,0.205473575,1.0
14,0.5605016582112965,0.054962634,0.0481547855970023,0.004675582,1.6655476877417377,0.171747542,0.004621422282047,0.001324627,9.4394983417887,0.447037366,0.1715747584261775,0.013136872,0.0662874882886592,0.008798027,0.6371660986388674,0.057787606,1.3628339013611332,0.144212394,0.4895927476405904,0.04683998,2.0438138576643747,0.206317349,1.0
15,0.6014198144834048,0.058763254,0.0476069057797994,0.004573352,1.6469249828208627,0.170271904,0.0045340722058116,0.001313318,9.398580185516591,0.443236746,0.176819241889258,0.013229269,0.0723681084941913,0.009395765,0.676599047305503,0.061018175,1.323400952694498,0.140981825,0.5245176337834021,0.050054171,2.051746688810075,0.207216392,1.0
16,0.6420612076688311,0.062512446,0.0470326904807418,0.004473762,1.6289089386147184,0.168855062,0.0044512330902536,0.001302803,9.35793879233116,0.439487554,0.181148991530736,0.013252065,0.0782287488927065,0.009950856,0.7147936521964561,0.064123465,1.2852063478035445,0.137876535,0.5593812256858713,0.053258786,2.0602293973908408,0.208165452,1.0
17,0.6823766104478147,0.066206302,0.0464383508637965,0.004377151,1.6114848786489842,0.167494023,0.004372865972705,0.00129302,9.317623389552177,0.435793698,0.1846364154177145,0.013214882,0.0838428481598501,0.010461458,0.7517744705447525,0.067109387,1.2482255294552482,0.134890613,0.59416089631526,0.056451824,2.0692246409369472,0.209159466,1.0
18,0.7223221483564352,0.069841643,0.0458280367594293,0.00428367,1.5946386962407764,0.166186005,0.0042988588873468,0.001283908,9.277677851643556,0.432158357,0.1873495635152352,0.013126368,0.0891892741204297,0.010926449,0.7875670999169211,0.069981597,1.2124329000830796,0.132018403,0.6288340153486589,0.059631285,2.0786955704767807,0.210193599,1.0
19,0.7618587474056071,0.073415925,0.0452044912720946,0.004193352,1.5783568065615226,0.164928422,0.0042290524773992,0.001275413,9.238141252594382,0.428584075,0.1893520957218522,0.012994267,0.0942513642411527,0.011345294,0.8221975674792374,0.072745471,1.1778024325207637,0.129254529,0.6633783306870555,0.062795218,2.0886061897259776,0.211263253,1.0
20,0.8009516526981901,0.076927161,0.0445694986512542,0.004106156,1.562626095090877,0.163718858,0.0041632571350175,0.001267482,9.199048347301796,0.425072839,0.1907034013337828,0.012825485,0.0990161674747449,0.011717948,0.8556919506943467,0.075406097,1.1443080493056537,0.126593903,0.6977722280884284,0.065941731,2.0989215803143217,0.212364071,1.0
21,0.8395700129729458,0.080373854,0.0439241949845363,0.004021996,1.547433863216946,0.162555059,0.0041012646062468,0.001260067,9.160429987027042,0.421626146,0.1914588010023788,0.012626164,0.1034738443712428,0.012044775,0.8880761522969645,0.077968275,1.1119238477030358,0.124031725,0.7319949039954569,0.069069012,2.109608031818648,0.213491938,1.0
22,0.8776865242183143,0.083754935,0.0432692869189731,0.003940764,1.5327677719282022,0.161434913,0.0040428559478584,0.001253126,9.122313475781672,0.418245065,0.1916697890584502,0.012401748,0.1076171911603902,0.012326479,0.9193757785397504,0.08043653,1.0806242214602502,0.12156347,0.7660264771100662,0.072175331,2.1206331049861245,0.21464297,1.0
23,0.9152771249735728,0.087069717,0.0426052079866091,0.003862338,1.5186157846465715,0.160356439,0.0039878070619544,0.001246617,9.084722875026412,0.414930283,0.1913842906847218,0.01215705,0.1114412608143126,0.012564052,0.9496160864895372,0.082815127,1.050383913510463,0.119184873,0.7998480570973064,0.075259047,2.13196564880583,0.215813503,1.0
24,0.9523207360697504,0.090317844,0.0419322319970296,0.003786593,1.5049661102958112,0.159317773,0.0039358926132172,0.001240506,9.047679263930233,0.411682156,0.1906469187283812,0.011896311,0.1149430599728007,0.012758731,0.9788219770515668,0.085108084,1.0211780229484335,0.116891916,0.8334417834837332,0.078318607,2.14357578639276,0.217000087,1.0
25,0.9887990380207472,0.093499258,0.0412505563663872,0.003713402,1.4918071477024004,0.158317163,0.0038868888620118,0.00123476,9.01120096197924,0.408500742,0.1894992213460543,0.011623254,0.1181213052440049,0.012911954,1.00701801755077,0.087319189,0.9929819824492302,0.114680811,0.8667908439147309,0.081352545,2.1554348804791403,0.218199468,1.0
26,1.0246962798708628,0.096614159,0.0405603639267427,0.003642645,1.4791274323988055,0.157352955,0.0038405757687802,0.001229348,8.975303720129125,0.405385841,0.1879799156360036,0.011341139,0.120976226002165,0.013025332,1.0342284824499963,0.089452021,0.9657715175500032,0.112547979,0.8998794780999186,0.08435948,2.167515486267502,0.219408582,1.0
27,1.0599991139398983,0.099662978,0.0398618689066981,0.003574207,1.4669155868472337,0.156423584,0.0037967386071333,0.001224243,8.94000088606009,0.402337022,0.1861251048518039,0.011052805,0.1235094035982475,0.013100617,1.0604774039881288,0.091509957,0.9395225960118708,0.110490043,0.9326929717345186,0.087338118,2.1797912971888835,0.220624544,1.0
28,1.0946964515322517,0.102646344,0.0391553508872866,0.003507978,1.4551602750285475,0.155527571,0.0037551692434547,0.001219421,8.905303548467739,0.399353656,0.1839684782799124,0.010760714,0.1257236390560982,0.013139678,1.085788626721749,0.093496196,0.914211373278251,0.108503804,0.965217643232699,0.090287245,2.1922370875047,0.221844637,1.0
29,1.1287793352709292,0.105565062,0.0384411792896939,0.003443857,1.44385016224691,0.154663515,0.00371566718637,0.00121486,8.871220664729059,0.396434938,0.1815414937591893,0.01046699,0.127622842990293,0.013144473,1.1101858615042657,0.095413766,0.8898141384957342,0.106586234,0.997440825094266,0.093205729,2.204828654527544,0.223066304,1.0
30,1.162240824274657,0.108420089,0.0377198301321286,0.003381749,1.4329738808861994,0.153830084,0.0036780404716779,0.001210538,8.837759175725335,0.393579911,0.1788735433491402,0.010173455,0.1292119427668316,0.013117033,1.1336927355643869,0.097265537,0.8663072644356129,0.104734463,1.0293508410361472,0.096092518,2.2175427623940225,0.22428714,1.0
31,1.1950758889172286,0.111212512,0.0369918962634815,0.003321566,1.4225200027199838,0.153026013,0.0036421064219602,0.001206438,8.804924111082764,0.390787488,0.1759921029573642,0.009881659,0.1304968029236611,0.013059439,1.1563328362000185,0.099054236,0.8436671637999802,0.102945764,1.0609369795716073,0.098946635,2.230357088713548,0.225504886,1.0
32,1.2272813123964363,0.113943528,0.0362580919493882,0.003263226,1.412477018224095,0.152250097,0.0036076923016536,0.001202541,8.772718687603556,0.388056472,0.1729228669043316,0.00959291,0.1314841556439228,0.012973805,1.17812974628029,0.100782454,0.8218702537197085,0.101217546,1.09218946445086,0.101767181,2.243250174976608,0.22671742,1.0
33,1.258855596799254,0.116614428,0.0355192524897685,0.003206653,1.40283332317239,0.15150119,0.0035746358756948,0.001198834,8.741144403200737,0.385385572,0.1696898684905032,0.009308305,0.1321815386840559,0.012862261,1.1991070703089206,0.102452658,0.8008929296910775,0.099547342,1.1230994222395032,0.104553333,2.256201381287587,0.227922757,1.0
34,1.289798871783155,0.119226579,0.0347763294428229,0.003151778,1.3935772126158887,0.150778197,0.0035427858714768,0.0011953,8.710201128216834,0.382773421,0.166315587670768,0.009028748,0.1325972386422691,0.012726938,1.219288450284827,0.104067195,0.7807115497151712,0.097932805,1.153658847269409,0.107304341,2.269190845756774,0.229119038,1.0
35,1.3201128044017003,0.121781412,0.034030381988079,0.003098535,1.3846968821585124,0.150080074,0.0035120023388224,0.001191929,8.679887195598287,0.380218588,0.1628210469543729,0.008754977,0.1327402378416367,0.012569952,1.2386975710228971,0.105628306,0.7613024289771005,0.096371694,1.1838605642212412,0.110019531,2.282199448718576,0.230304533,1.0
36,1.349800508985131,0.124280403,0.033282564957737,0.003046865,1.376180436255244,0.149405822,0.0034821569002788,0.001188706,8.650199491014865,0.377719597,0.1592258966463649,0.008487581,0.1326201634199875,0.012393394,1.2573581549809123,0.107138128,0.7426418450190857,0.094861872,1.2136981886648648,0.112698303,2.295208781820388,0.231477631,1.0
37,1.3788664563415467,0.126725069,0.0325341140840229,0.00299671,1.3680159030778578,0.148754488,0.0034531328837444,0.001185623,8.621133543658456,0.375274931,0.1555484905349707,0.008227022,0.1322472374839336,0.012199316,1.2752939469818536,0.108598702,0.7247060530181447,0.093401298,1.2431660859738685,0.11534013,2.308201121935471,0.23263684,1.0
38,1.407316381867999,0.129116949,0.0317863290371864,0.00294802,1.3601912553265902,0.148125158,0.0034248253308055,0.001182668,8.59268361813201,0.372883051,0.1518059531108292,0.007973648,0.1316322274104549,0.011989721,1.2925286895241468,0.110011979,0.7074713104758513,0.091988021,1.2722593291267383,0.11794456,2.3211594097841344,0.233780785,1.0
39,1.435157192449647,0.131457598,0.0310405548538628,0.002900745,1.3526944362203102,0.147516957,0.0033971408767781,0.001179833,8.56484280755036,0.370542402,0.1480142393790935,0.00772771,0.1307863955765824,0.011766552,1.3090860896327745,0.111379824,0.6909139103672236,0.090620176,1.3009736559962857,0.120511213,2.3340672330933736,0.234908203,1.0
40,1.4623968722751222,0.133748579,0.030298162370971,0.002854839,1.3455133897791782,0.14692905,0.0033699975019403,0.001177109,8.537603127724886,0.368251421,0.1441881882936108,0.007489373,0.1297214479733489,0.011531685,1.3249897784177351,0.112704024,0.6750102215822629,0.089295976,1.329305426799832,0.123039785,2.34690881408095,0.236017944,1.0
41,1.489044387904146,0.135991452,0.0295605282807254,0.002810259,1.3386360944274802,0.146360633,0.0033433241574272,0.00117449,8.510955612095865,0.366008548,0.1403415708027418,0.007258733,0.1284494813195461,0.011286921,1.3402632646692223,0.113986287,0.6597367353307756,0.088013713,1.357251582427172,0.125530042,2.359669001012079,0.237108965,1.0
42,1.515109593086895,0.138187772,0.028829015404424,0.002766964,1.332050598893652,0.145810939,0.0033170602733901,0.001171967,8.484890406913113,0.363812228,0.1364871334479881,0.00703582,0.1269829284375098,0.011033979,1.3549298839283204,0.11522825,0.6450701160716784,0.08677175,1.384809604375994,0.127981826,2.372333263543036,0.238180332,1.0
43,1.5406031339527897,0.140339075,0.0281049537452568,0.002724915,1.325745059371068,0.14527923,0.0032911551609664,0.001169534,8.459396866047218,0.361660925,0.1326366383988523,0.006820615,0.1253345017893203,0.010774492,1.3690127445268825,0.116431482,0.630987255473116,0.085568518,1.4119774770025022,0.130395049,2.384887691534536,0.239231213,1.0
44,1.5655363552599402,0.142446883,0.0273896228241323,0.002684076,1.3197077769263486,0.1447648,0.0032655673230801,0.001167186,8.434463644740068,0.359553117,0.1288009007401517,0.006613055,0.1235171351985536,0.010510001,1.3825346720915286,0.117597485,0.61746532790847,0.084402515,1.4387536527383056,0.132769696,2.397318996987733,0.240260882,1.0
45,1.5899212084278096,0.14451269,0.026684235729759,0.002644411,1.3139272341993848,0.144266972,0.0032402636918709,0.001164916,8.410078791572195,0.35748731,0.1249898237517928,0.006413039,0.1215439239003315,0.010241952,1.395518153957397,0.118727701,0.6044818460426008,0.083272299,1.4651370208356065,0.135105821,2.409614518726861,0.24126871,1.0
46,1.6137701620686735,0.146537963,0.0259899252285361,0.002605885,1.3083921305267472,0.143785097,0.0032152188124576,0.001162721,8.386229837931333,0.355462037,0.1212124328368401,0.006220437,0.1194280631705135,0.009971693,1.407985284842724,0.119823509,0.592014715157274,0.082176491,1.4911268800857016,0.137403549,2.421762229424905,0.242254167,1.0
47,1.6370961156933754,0.14852414,0.0253077321856908,0.002568467,1.3030914147320274,0.143318551,0.0031904139937072,0.001160596,8.362903884306633,0.35347586,0.1174769086631737,0.006035095,0.1171827858826585,0.009700475,1.4199577150022995,0.120886235,0.5800422849976978,0.081113765,1.5167229158170086,0.139663069,2.433750744542741,0.243216816,1.0
48,1.6599123171998873,0.150472623,0.0246385964514925,0.002532124,1.298014314956384,0.142866738,0.0031658364466699,0.001158536,8.340087682800116,0.351527377,0.113790619989184,0.00585684,0.1148212994277401,0.009429447,1.4314566019148334,0.121917146,0.5685433980851645,0.080082854,1.5419251813254766,0.14188464,2.4455693327285286,0.244156314,1.0
49,1.6822322846661026,0.15238478,0.0239833502702387,0.002496826,1.2931503650430292,0.142429086,0.0031414784304267,0.001156537,8.317767715333899,0.34961522,0.1101601565471767,0.005685484,0.1123567225053002,0.009159662,1.442502566375194,0.122917461,0.5574974336248036,0.079082539,1.5667340837303751,0.144068581,2.457207927203828,0.245072404,1.0
